Patient	Sample	Chromosome	Start Position	End Position	Reference Sequence	Variant Sequence	Mutation Type	Assembly Version	5' Flanking Bases	3' Flanking Bases	Transcriptional Strand	POLE Mutation	Synonymous
TCGA-06-5416	TCGA-06-5416-01A-01D-1486-08	12	133250289	133250289	C	A	SBS	GRCh37	TCTTCA	CCACCT	-	p.V411L	False
TCGA-06-5416	TCGA-06-5416-01A-01D-1486-08	12	133253141	133253141	G	A	SBS	GRCh37	GCCATC	ATCATG	-	p.I301I	True
TCGA-19-1787	TCGA-19-1787-01B-01D-1495-08	12	133252014	133252014	G	A	SBS	GRCh37	TGGGGC	CCTTGT	-	p.A399V	False
TCGA-19-5956	TCGA-19-5956-01A-11D-1696-08	12	133249857	133249857	C	G	SBS	GRCh37	ACGTGG	CAGAGT	-	p.A456P	False
TCGA-2W-A8YY	TCGA-2W-A8YY-01A-11D-A37N-09	12	133250289	133250289	C	A	SBS	GRCh37	TCTTCA	CCACCT	-	p.V411L	False
TCGA-43-7656	TCGA-43-7656-01A-11D-2122-08	12	133252711	133252711	C	A	SBS	GRCh37	AAGGGG	CTTCAT	-	p.G330V	False
TCGA-94-A5I4	TCGA-94-A5I4-01A-11D-A26M-08	12	133250164	133250164	G	A	SBS	GRCh37	TGCCTG	GGCTGC	-	p.P453P	True
TCGA-A5-A0G1	TCGA-A5-A0G1-01A-11D-A122-09	12	133252327	133252327	A	G	SBS	GRCh37	CAGTCA	AAAAGT	-	p.F367S	False
TCGA-A5-A0G1	TCGA-A5-A0G1-01A-11D-A122-09	12	133253141	133253141	G	A	SBS	GRCh37	GCCATC	ATCATG	-	p.I301I	True
TCGA-A5-A0G2	TCGA-A5-A0G2-01A-11W-A062-09	12	133250289	133250289	C	A	SBS	GRCh37	TCTTCA	CCACCT	-	p.V411L	False
TCGA-A5-A0GP	TCGA-A5-A0GP-01A-11W-A062-09	12	133250289	133250289	C	A	SBS	GRCh37	TCTTCA	CCACCT	-	p.V411L	False
TCGA-A5-A1OF	TCGA-A5-A1OF-01A-11D-A14G-09	12	133252327	133252327	A	G	SBS	GRCh37	CAGTCA	AAAAGT	-	p.F367S	False
TCGA-A5-A2K5	TCGA-A5-A2K5-01A-11D-A17W-09	12	133253184	133253184	G	C	SBS	GRCh37	GCATCA	GAAACT	-	p.P286R	False
TCGA-A5-A2K7	TCGA-A5-A2K7-01A-11D-A17W-09	12	133252023	133252023	T	C	SBS	GRCh37	TTGTAC	CCCCCT	-	p.E396G	False
TCGA-AA-3510	TCGA-AA-3510-01A-01D-1408-10	12	133249857	133249857	C	G	SBS	GRCh37	ACGTGG	CAGAGT	-	p.A456P	False
TCGA-AA-3977	TCGA-AA-3977-01A-01W-0995-10	12	133252327	133252327	A	G	SBS	GRCh37	CAGTCA	AAAAGT	-	p.F367S	False
TCGA-AA-3984	TCGA-AA-3984-01A-02D-1981-10	12	133250289	133250289	C	A	SBS	GRCh37	TCTTCA	CCACCT	-	p.V411L	False
TCGA-AA-A00N	TCGA-AA-A00N-01A-02D-A17O-10	12	133250289	133250289	C	A	SBS	GRCh37	TCTTCA	CCACCT	-	p.V411L	False
TCGA-AA-A010	TCGA-AA-A010-01A-01D-A17O-10	12	133250213	133250213	G	C	SBS	GRCh37	TCCACG	GATCAT	-	p.P436R	False
TCGA-AB-2950	TCGA-AB-2950-03A-01W-0733-08	12	133253155	133253155	T	C	SBS	GRCh37	AGGAAA	CATCAT	-	p.I296V	False
TCGA-AC-A3HN	TCGA-AC-A3HN-01A-11D-A20S-09	12	133252323	133252323	G	A	SBS	GRCh37	TCACCA	TCAAAA	-	p.D369D	True
TCGA-AG-3892	TCGA-AG-3892-01A-01W-1073-09	12	133249847	133249847	G	A	SBS	GRCh37	GACACA	AATACG	-	p.S459F	False
TCGA-AG-A002	TCGA-AG-A002-01A-01W-A00K-09	12	133249847	133249847	G	A	SBS	GRCh37	GACACA	AATACG	-	p.S459F	False
TCGA-AJ-A3BH	TCGA-AJ-A3BH-01A-11D-A19Y-09	12	133250233	133250233	C	A	SBS	GRCh37	CTTGGC	TTGGCG	-	p.K430N	False
TCGA-AJ-A3BH	TCGA-AJ-A3BH-01A-11D-A19Y-09	12	133253208	133253208	G	A	SBS	GRCh37	TTGGTC	TCTCAA	-	p.T278M	False
TCGA-AJ-A3EK	TCGA-AJ-A3EK-01A-11D-A19Y-09	12	133253151	133253151	G	A	SBS	GRCh37	ATGTAG	AAATCA	-	p.S297F	False
TCGA-AJ-A3EL	TCGA-AJ-A3EL-01A-11D-A20S-09	12	133250289	133250289	C	A	SBS	GRCh37	TCTTCA	CCACCT	-	p.V411L	False
TCGA-AJ-A3OK	TCGA-AJ-A3OK-01A-12D-A228-09	12	133252338	133252338	G	A	SBS	GRCh37	GTCCCC	TTGTAG	-	p.N364N	True
TCGA-AJ-A5DW	TCGA-AJ-A5DW-01A-11D-A27P-09	12	133253184	133253184	G	C	SBS	GRCh37	GCATCA	GAAACT	-	p.P286R	False
TCGA-AN-A046	TCGA-AN-A046-01A-21W-A050-09	12	133253184	133253184	G	C	SBS	GRCh37	GCATCA	GAAACT	-	p.P286R	False
TCGA-AP-A051	TCGA-AP-A051-01A-21W-A027-09	12	133250250	133250250	G	T	SBS	GRCh37	CCTTGA	ATTATG	-	p.L424I	False
TCGA-AP-A056	TCGA-AP-A056-01A-11W-A027-09	12	133250289	133250289	C	A	SBS	GRCh37	TCTTCA	CCACCT	-	p.V411L	False
TCGA-AP-A059	TCGA-AP-A059-01A-21D-A122-09	12	133253151	133253151	G	A	SBS	GRCh37	ATGTAG	AAATCA	-	p.S297F	False
TCGA-AP-A0LM	TCGA-AP-A0LM-01A-11D-A122-09	12	133250289	133250289	C	A	SBS	GRCh37	TCTTCA	CCACCT	-	p.V411L	False
TCGA-AP-A1DQ	TCGA-AP-A1DQ-01A-11D-A135-09	12	133250238	133250238	C	T	SBS	GRCh37	CCTTGG	GGCCGC	-	p.A428T	False
TCGA-AP-A1DV	TCGA-AP-A1DV-01A-21D-A135-09	12	133253141	133253141	G	A	SBS	GRCh37	GCCATC	ATCATG	-	p.I301I	True
TCGA-AP-A1DV	TCGA-AP-A1DV-01A-21D-A135-09	12	133253151	133253151	G	A	SBS	GRCh37	ATGTAG	AAATCA	-	p.S297F	False
TCGA-AP-A1E0	TCGA-AP-A1E0-01A-11D-A135-09	12	133249847	133249847	G	A	SBS	GRCh37	GACACA	AATACG	-	p.S459F	False
TCGA-AX-A05Z	TCGA-AX-A05Z-01A-11W-A027-09	12	133250243	133250243	G	A	SBS	GRCh37	GCGGCC	CCTTGA	-	p.A426V	False
TCGA-AX-A05Z	TCGA-AX-A05Z-01A-11W-A027-09	12	133253184	133253184	G	C	SBS	GRCh37	GCATCA	GAAACT	-	p.P286R	False
TCGA-AX-A06F	TCGA-AX-A06F-01A-11W-A027-09	12	133250213	133250213	G	C	SBS	GRCh37	TCCACG	GATCAT	-	p.P436R	False
TCGA-AX-A0J0	TCGA-AX-A0J0-01A-11D-A117-09	12	133253184	133253184	G	C	SBS	GRCh37	GCATCA	GAAACT	-	p.P286R	False
TCGA-AX-A0J1	TCGA-AX-A0J1-01A-11W-A062-09	12	133249829	133249829	G	A	SBS	GRCh37	TAAGTG	CGACAG	-	p.A465V	False
TCGA-AX-A0J1	TCGA-AX-A0J1-01A-11W-A062-09	12	133249852	133249852	C	T	SBS	GRCh37	AGAATA	GTGGCC	-	p.T458T	True
TCGA-AX-A1CE	TCGA-AX-A1CE-01A-11D-A135-09	12	133252046	133252046	G	T	SBS	GRCh37	CTGGAA	CCTATC	-	p.G389G	True
TCGA-AX-A1CE	TCGA-AX-A1CE-01A-11D-A135-09	12	133252686	133252686	G	A	SBS	GRCh37	CTCATC	GGTTCA	-	p.P339P	True
TCGA-AX-A2HA	TCGA-AX-A2HA-01A-12D-A18P-09	12	133252006	133252006	A	G	SBS	GRCh37	GGATGC	CTGGGG	-	p.C402R	False
TCGA-AX-A2HC	TCGA-AX-A2HC-01A-11D-A17D-09	12	133250243	133250243	G	A	SBS	GRCh37	GCGGCC	CCTTGA	-	p.A426V	False
TCGA-AX-A2HC	TCGA-AX-A2HC-01A-11D-A17D-09	12	133253157	133253157	A	C	SBS	GRCh37	GAAATC	TCATAA	-	p.M295R	False
TCGA-AX-A2HD	TCGA-AX-A2HD-01A-21D-A17D-09	12	133249841	133249841	G	A	SBS	GRCh37	GCATCT	ACACAG	-	p.S461L	False
TCGA-AZ-4315	TCGA-AZ-4315-01A-01D-1408-10	12	133250289	133250289	C	A	SBS	GRCh37	TCTTCA	CCACCT	-	p.V411L	False
TCGA-B5-A0JY	TCGA-B5-A0JY-01A-11D-A10B-09	12	133253184	133253184	G	C	SBS	GRCh37	GCATCA	GAAACT	-	p.P286R	False
TCGA-B5-A11E	TCGA-B5-A11E-01A-11D-A10M-09	12	133250289	133250289	C	A	SBS	GRCh37	TCTTCA	CCACCT	-	p.V411L	False
TCGA-B5-A11H	TCGA-B5-A11H-01A-11D-A122-09	12	133250162	133250162	T	C	SBS	GRCh37	CGTGCC	GGGGCT	-	p.Q453R	False
TCGA-B5-A11N	TCGA-B5-A11N-01A-11D-A122-09	12	133253184	133253184	G	C	SBS	GRCh37	GCATCA	GAAACT	-	p.P286R	False
TCGA-B5-A3FA	TCGA-B5-A3FA-01A-11D-A19Y-09	12	133250289	133250289	C	A	SBS	GRCh37	TCTTCA	CCACCT	-	p.V411L	False
TCGA-B5-A3FC	TCGA-B5-A3FC-01A-11D-A228-09	12	133250250	133250250	G	T	SBS	GRCh37	CCTTGA	ATTATG	-	p.L424I	False
TCGA-BF-A1Q0	TCGA-BF-A1Q0-01A-21D-A19A-08	12	133252010	133252010	G	T	SBS	GRCh37	GCACTG	GGCGCC	-	p.P401P	True
TCGA-BG-A0VX	TCGA-BG-A0VX-01A-11D-A122-09	12	133250250	133250250	G	C	SBS	GRCh37	CCTTGA	ATTATG	-	p.L424V	False
TCGA-BG-A2L7	TCGA-BG-A2L7-01A-11D-A18P-09	12	133252371	133252371	C	A	SBS	GRCh37	GGTCTC	TGGACG	-	p.Q353H	False
TCGA-BH-A0DL	TCGA-BH-A0DL-01A-11D-A10Y-09	12	133253205	133253205	G	T	SBS	GRCh37	AGTTTG	TCGTCT	-	p.T279N	False
TCGA-BK-A6W3	TCGA-BK-A6W3-01A-12D-A34Q-09	12	133253184	133253184	G	C	SBS	GRCh37	GCATCA	GAAACT	-	p.P286R	False
TCGA-BR-8680	TCGA-BR-8680-01A-11D-2394-08	12	133250289	133250289	C	A	SBS	GRCh37	TCTTCA	CCACCT	-	p.V411L	False
TCGA-BS-A0TC	TCGA-BS-A0TC-01A-11D-A10B-09	12	133250189	133250189	A	T	SBS	GRCh37	CGGCAC	TGTCCT	-	p.M444K	False
TCGA-BS-A0UF	TCGA-BS-A0UF-01A-11D-A10B-09	12	133253184	133253184	G	C	SBS	GRCh37	GCATCA	GAAACT	-	p.P286R	False
TCGA-BS-A0UV	TCGA-BS-A0UV-01A-11D-A10B-09	12	133253184	133253184	G	C	SBS	GRCh37	GCATCA	GAAACT	-	p.P286R	False
TCGA-C5-A1MP	TCGA-C5-A1MP-01A-11D-A14W-08	12	133250197	133250197	C	T	SBS	GRCh37	GTCCTC	GGGTCT	-	p.P442P	True
TCGA-CA-6718	TCGA-CA-6718-01A-11D-1835-10	12	133253184	133253184	G	C	SBS	GRCh37	GCATCA	GAAACT	-	p.P286R	False
TCGA-CH-5768	TCGA-CH-5768-01A-11D-1576-08	12	133249852	133249852	C	T	SBS	GRCh37	AGAATA	GTGGCC	-	p.T458T	True
TCGA-CN-A63U	TCGA-CN-A63U-01A-11D-A30E-08	12	133252047	133252047	C	A	SBS	GRCh37	TGGAAG	CTATCT	-	p.G388V	False
TCGA-D1-A103	TCGA-D1-A103-01A-11D-A10M-09	12	133249857	133249857	C	G	SBS	GRCh37	ACGTGG	CAGAGT	-	p.A456P	False
TCGA-D1-A16X	TCGA-D1-A16X-01A-11D-A12J-09	12	133253184	133253184	G	C	SBS	GRCh37	GCATCA	GAAACT	-	p.P286R	False
TCGA-D1-A16Y	TCGA-D1-A16Y-01A-31D-A12J-09	12	133250289	133250289	C	A	SBS	GRCh37	TCTTCA	CCACCT	-	p.V411L	False
TCGA-D1-A17Q	TCGA-D1-A17Q-01A-11D-A12J-09	12	133253184	133253184	G	C	SBS	GRCh37	GCATCA	GAAACT	-	p.P286R	False
TCGA-D8-A1JG	TCGA-D8-A1JG-01B-11D-A13L-09	12	133250250	133250250	G	C	SBS	GRCh37	CCTTGA	ATTATG	-	p.L424V	False
TCGA-DF-A2KU	TCGA-DF-A2KU-01A-11D-A17W-09	12	133250289	133250289	C	A	SBS	GRCh37	TCTTCA	CCACCT	-	p.V411L	False
TCGA-DF-A2KV	TCGA-DF-A2KV-01A-11D-A17W-09	12	133249857	133249857	C	G	SBS	GRCh37	ACGTGG	CAGAGT	-	p.A456P	False
TCGA-DK-A6AW	TCGA-DK-A6AW-01A-11D-A30E-08	12	133253184	133253184	G	C	SBS	GRCh37	GCATCA	GAAACT	-	p.P286R	False
TCGA-DU-6392	TCGA-DU-6392-01A-11D-1705-08	12	133253151	133253151	G	T	SBS	GRCh37	ATGTAG	AAATCA	-	p.S297Y	False
TCGA-E6-A1LX	TCGA-E6-A1LX-01A-11D-A14G-09	12	133250239	133250239	G	A	SBS	GRCh37	CTTGGC	GCCGCC	-	p.A428A	True
TCGA-E6-A1LX	TCGA-E6-A1LX-01A-11D-A14G-09	12	133253184	133253184	G	C	SBS	GRCh37	GCATCA	GAAACT	-	p.P286R	False
TCGA-E6-A1M0	TCGA-E6-A1M0-01A-11D-A142-09	12	133249847	133249847	G	A	SBS	GRCh37	GACACA	AATACG	-	p.S459F	False
TCGA-E9-A247	TCGA-E9-A247-01A-11D-A167-09	12	133250274	133250274	A	G	SBS	GRCh37	GAAGGT	ACTGTC	-	p.Y416H	False
TCGA-EB-A5SE	TCGA-EB-A5SE-01A-11D-A30X-08	12	133252035	133252035	T	C	SBS	GRCh37	TGGCTG	CCTTCT	-	p.D392G	False
TCGA-EE-A181	TCGA-EE-A181-06A-11D-A196-08	12	133252321	133252321	C	T	SBS	GRCh37	ACTCAC	AGTCAA	-	p.W369X	False
TCGA-EI-6917	TCGA-EI-6917-01A-11D-1924-10	12	133250243	133250243	G	A	SBS	GRCh37	GCGGCC	CCTTGA	-	p.A426V	False
TCGA-EI-6917	TCGA-EI-6917-01A-11D-1924-10	12	133250289	133250289	C	A	SBS	GRCh37	TCTTCA	CCACCT	-	p.V411L	False
TCGA-EO-A22R	TCGA-EO-A22R-01A-11D-A18P-09	12	133250289	133250289	C	G	SBS	GRCh37	TCTTCA	CCACCT	-	p.V411L	False
TCGA-EO-A22U	TCGA-EO-A22U-01A-11D-A17W-09	12	133253184	133253184	G	C	SBS	GRCh37	GCATCA	GAAACT	-	p.P286R	False
TCGA-EO-A22X	TCGA-EO-A22X-01A-11D-A17W-09	12	133253184	133253184	G	C	SBS	GRCh37	GCATCA	GAAACT	-	p.P286R	False
TCGA-EO-A3AV	TCGA-EO-A3AV-01A-12D-A19Y-09	12	133253184	133253184	G	C	SBS	GRCh37	GCATCA	GAAACT	-	p.P286R	False
TCGA-EO-A3AY	TCGA-EO-A3AY-01A-12D-A19Y-09	12	133253184	133253184	G	C	SBS	GRCh37	GCATCA	GAAACT	-	p.P286R	False
TCGA-EO-A3B0	TCGA-EO-A3B0-01A-12D-A19Y-09	12	133250250	133250250	G	T	SBS	GRCh37	CCTTGA	ATTATG	-	p.L424I	False
TCGA-EO-A3B0	TCGA-EO-A3B0-01A-12D-A19Y-09	12	133253184	133253184	G	C	SBS	GRCh37	GCATCA	GAAACT	-	p.P286R	False
TCGA-EY-A1G8	TCGA-EY-A1G8-01A-11D-A13L-09	12	133253184	133253184	G	C	SBS	GRCh37	GCATCA	GAAACT	-	p.P286R	False
TCGA-EY-A1GD	TCGA-EY-A1GD-01A-11D-A13L-09	12	133250289	133250289	C	A	SBS	GRCh37	TCTTCA	CCACCT	-	p.V411L	False
TCGA-EY-A1GI	TCGA-EY-A1GI-01A-11D-A13L-09	12	133253184	133253184	G	C	SBS	GRCh37	GCATCA	GAAACT	-	p.P286R	False
TCGA-EY-A215	TCGA-EY-A215-01A-11D-A14K-09	12	133252325	133252325	C	A	SBS	GRCh37	ACCAGT	AAAAAA	-	p.D368Y	False
TCGA-EY-A548	TCGA-EY-A548-01A-11D-A27P-09	12	133252338	133252338	G	A	SBS	GRCh37	GTCCCC	TTGTAG	-	p.N364N	True
TCGA-F5-6814	TCGA-F5-6814-01A-31D-1924-10	12	133253184	133253184	G	C	SBS	GRCh37	GCATCA	GAAACT	-	p.P286R	False
TCGA-FD-A3B6	TCGA-FD-A3B6-01A-21D-A20D-08	12	133252767	133252767	C	G	SBS	GRCh37	AACAAT	TCCCTG	-	p.E312D	False
TCGA-FI-A2D0	TCGA-FI-A2D0-01A-11D-A17D-09	12	133250289	133250289	C	A	SBS	GRCh37	TCTTCA	CCACCT	-	p.V411L	False
TCGA-FI-A2D5	TCGA-FI-A2D5-01A-11D-A17D-09	12	133250289	133250289	C	G	SBS	GRCh37	TCTTCA	CCACCT	-	p.V411L	False
TCGA-FU-A3HZ	TCGA-FU-A3HZ-01A-11D-A20U-09	12	133253151	133253151	G	A	SBS	GRCh37	ATGTAG	AAATCA	-	p.S297F	False
TCGA-HT-8564	TCGA-HT-8564-01A-11D-2395-08	12	133250239	133250239	G	A	SBS	GRCh37	CTTGGC	GCCGCC	-	p.A428A	True
TCGA-IB-7651	TCGA-IB-7651-01A-11D-2154-08	12	133250198	133250198	G	A	SBS	GRCh37	TCCTCC	GGTCTA	-	p.P441L	False
TCGA-IB-7651	TCGA-IB-7651-01A-11D-2154-08	12	133253184	133253184	G	C	SBS	GRCh37	GCATCA	GAAACT	-	p.P286R	False
TCGA-KN-8428	TCGA-KN-8428-01A-11D-2310-10	12	133250211	133250211	C	T	SBS	GRCh37	GCTCCA	GGGATC	-	p.V437M	False
TCGA-L5-A8NJ	TCGA-L5-A8NJ-01A-11D-A36J-09	12	133250246	133250246	T	A	SBS	GRCh37	GCCGCC	TGAGAT	-	p.K425M	False
TCGA-ND-A4WC	TCGA-ND-A4WC-01A-21D-A28R-08	12	133253184	133253184	G	C	SBS	GRCh37	GCATCA	GAAACT	-	p.P286R	False
TCGA-OR-A5J5	TCGA-OR-A5J5-01A-11D-A29I-10	12	133249853	133249853	G	A	SBS	GRCh37	GAATAC	TGGCCA	-	p.T457M	False
TCGA-OR-A5K2	TCGA-OR-A5K2-01A-11D-A29I-10	12	133249853	133249853	G	C	SBS	GRCh37	GAATAC	TGGCCA	-	p.T457R	False
TCGA-QF-A5YS	TCGA-QF-A5YS-01A-11D-A31U-09	12	133253184	133253184	G	C	SBS	GRCh37	GCATCA	GAAACT	-	p.P286R	False
TCGA-QS-A5YQ	TCGA-QS-A5YQ-01A-11D-A31U-09	12	133253184	133253184	G	C	SBS	GRCh37	GCATCA	GAAACT	-	p.P286R	False
TCGA-VQ-A8P2	TCGA-VQ-A8P2-01A-11D-A364-08	12	133250174	133250174	G	A	SBS	GRCh37	TGCTCC	TGGCCA	-	p.T449M	False
TCGA-VQ-A8P2	TCGA-VQ-A8P2-01A-11D-A364-08	12	133253184	133253184	G	A	SBS	GRCh37	GCATCA	GAAACT	-	p.P286L	False
TCGA-W3-A828	TCGA-W3-A828-06A-11D-A34U-08	12	133250268	133250268	G	A	SBS	GRCh37	CCACAG	AAGGTA	-	p.P418S	False
TCGA-WE-A8ZM	TCGA-WE-A8ZM-06A-11D-A372-08	12	133252698	133252698	G	A	SBS	GRCh37	ATTGAA	ACACAA	-	p.V335V	True
TCGA-X6-A8C5	TCGA-X6-A8C5-01A-11D-A36J-09	12	133252732	133252732	G	C	SBS	GRCh37	TTGGGG	TGAACT	-	p.T323S	False
TCGA-XK-AAIW	TCGA-XK-AAIW-01A-11D-A41K-08	12	133249829	133249829	G	A	SBS	GRCh37	TAAGTG	CGACAG	-	p.A465V	False
TCGA-Y8-A8RZ	TCGA-Y8-A8RZ-01A-11D-A36X-10	12	133252404	133252404	A	G	SBS	GRCh37	CAGATG	GCCTGA	-	p.A342A	True
TCGA-ZF-A9RC	TCGA-ZF-A9RC-01A-11D-A38G-08	12	133252082	133252082	T	A	SBS	GRCh37	GACTGC	GCCCGG	-	p.A377A	True
